{"filter":false,"title":"observation.json","tooltip":"/project/observation.json","undoManager":{"mark":30,"position":30,"stack":[[{"start":{"row":0,"column":0},"end":{"row":189,"column":1},"action":"insert","lines":["{","  \"resourceType\": \"Bundle\",","  \"type\": \"searchset\",","  \"total\": 3,","  \"link\": [","    {","      \"relation\": \"self\",","      \"url\": \"https://open-ic.epic.com/FHIR/api/FHIR/DSTU2/Observation?patient=Tbt3KuCY0B5PSrJvCu2j-PlK.aiHsu2xUjUM8bWpetXoB&code=8310-5\"","    }","  ],","  \"entry\": [","    {","      \"fullUrl\": \"https://open-ic.epic.com/FHIR/api/FHIR/DSTU2/Observation/Tnf7t0.SP6znu2Dc1kPsron.8Qlu-yjOF792bUBX3SIbqfiRJTmZfK.seS16W01szB\",","      \"link\": [","        {","          \"relation\": \"self\",","          \"url\": \"https://open-ic.epic.com/FHIR/api/FHIR/DSTU2/Observation/Tnf7t0.SP6znu2Dc1kPsron.8Qlu-yjOF792bUBX3SIbqfiRJTmZfK.seS16W01szB\"","        }","      ],","      \"search\": {","        \"mode\": \"match\"","      },","      \"resource\": {","        \"resourceType\": \"Observation\",","        \"effectiveDateTime\": \"2016-04-19T15:02:00Z\",","        \"status\": \"final\",","        \"id\": \"Tnf7t0.SP6znu2Dc1kPsron.8Qlu-yjOF792bUBX3SIbqfiRJTmZfK.seS16W01szB\",","        \"code\": {","          \"text\": \"Temp\",","          \"coding\": [","            {","              \"system\": \"http://loinc.org\",","              \"code\": \"8310-5\",","              \"display\": \"Body temperature\"","            },","            {","              \"system\": \"http://loinc.org\",","              \"code\": \"8716-3\",","              \"display\": \"Vital Signs grouping\"","            }","          ]","        },","        \"valueQuantity\": {","          \"value\": 37,","          \"unit\": \"Cel\",","          \"code\": \"Cel\",","          \"system\": \"http://unitsofmeasure.org\"","        },","        \"subject\": {","          \"display\": \"Jason Argonaut\",","          \"reference\": \"https://open-ic.epic.com/FHIR/api/FHIR/DSTU2/Patient/Tbt3KuCY0B5PSrJvCu2j-PlK.aiHsu2xUjUM8bWpetXoB\"","        },","        \"performer\": [","          {","            \"display\": \"MOORE, SEAN\",","            \"reference\": \"https://open-ic.epic.com/FHIR/api/FHIR/DSTU2/Practitioner/TItWfhjChtlo0pFh9nzctSQB\"","          }","        ],","        \"category\": {","          \"text\": \"Vital Signs\",","          \"coding\": [","            {","              \"system\": \"http://hl7.org/fhir/observation-category\",","              \"code\": \"vital-signs\",","              \"display\": \"Vital Signs\"","            }","          ]","        }","      }","    },","    {","      \"fullUrl\": \"https://open-ic.epic.com/FHIR/api/FHIR/DSTU2/Observation/Tnf7t0.SP6znu2Dc1kPsroonALFGbtOt6b2yu6wZ4ivT3-rV2HHjSYO76FPbBHWwbB\",","      \"link\": [","        {","          \"relation\": \"self\",","          \"url\": \"https://open-ic.epic.com/FHIR/api/FHIR/DSTU2/Observation/Tnf7t0.SP6znu2Dc1kPsroonALFGbtOt6b2yu6wZ4ivT3-rV2HHjSYO76FPbBHWwbB\"","        }","      ],","      \"search\": {","        \"mode\": \"match\"","      },","      \"resource\": {","        \"resourceType\": \"Observation\",","        \"effectiveDateTime\": \"2015-08-26T22:00:00Z\",","        \"status\": \"final\",","        \"id\": \"Tnf7t0.SP6znu2Dc1kPsroonALFGbtOt6b2yu6wZ4ivT3-rV2HHjSYO76FPbBHWwbB\",","        \"code\": {","          \"text\": \"Temp\",","          \"coding\": [","            {","              \"system\": \"http://loinc.org\",","              \"code\": \"8310-5\",","              \"display\": \"Body temperature\"","            },","            {","              \"system\": \"http://loinc.org\",","              \"code\": \"8716-3\",","              \"display\": \"Vital Signs grouping\"","            }","          ]","        },","        \"valueQuantity\": {","          \"value\": 36.7,","          \"unit\": \"Cel\",","          \"code\": \"Cel\",","          \"system\": \"http://unitsofmeasure.org\"","        },","        \"subject\": {","          \"display\": \"Jason Argonaut\",","          \"reference\": \"https://open-ic.epic.com/FHIR/api/FHIR/DSTU2/Patient/Tbt3KuCY0B5PSrJvCu2j-PlK.aiHsu2xUjUM8bWpetXoB\"","        },","        \"performer\": [","          {","            \"display\": \"MOORE, SEAN\",","            \"reference\": \"https://open-ic.epic.com/FHIR/api/FHIR/DSTU2/Practitioner/TItWfhjChtlo0pFh9nzctSQB\"","          }","        ],","        \"category\": {","          \"text\": \"Vital Signs\",","          \"coding\": [","            {","              \"system\": \"http://hl7.org/fhir/observation-category\",","              \"code\": \"vital-signs\",","              \"display\": \"Vital Signs\"","            }","          ]","        }","      }","    },","    {","      \"fullUrl\": \"https://open-ic.epic.com/FHIR/api/FHIR/DSTU2/Observation/Tnf7t0.SP6znu2Dc1kPsrog5qrfqH33vJQOxAByVedwC93TwE2NmYRNSmcPUkg7JsB\",","      \"link\": [","        {","          \"relation\": \"self\",","          \"url\": \"https://open-ic.epic.com/FHIR/api/FHIR/DSTU2/Observation/Tnf7t0.SP6znu2Dc1kPsrog5qrfqH33vJQOxAByVedwC93TwE2NmYRNSmcPUkg7JsB\"","        }","      ],","      \"search\": {","        \"mode\": \"match\"","      },","      \"resource\": {","        \"resourceType\": \"Observation\",","        \"effectiveDateTime\": \"2015-08-25T22:46:00Z\",","        \"status\": \"final\",","        \"id\": \"Tnf7t0.SP6znu2Dc1kPsrog5qrfqH33vJQOxAByVedwC93TwE2NmYRNSmcPUkg7JsB\",","        \"code\": {","          \"text\": \"Temp\",","          \"coding\": [","            {","              \"system\": \"http://loinc.org\",","              \"code\": \"8310-5\",","              \"display\": \"Body temperature\"","            },","            {","              \"system\": \"http://loinc.org\",","              \"code\": \"8716-3\",","              \"display\": \"Vital Signs grouping\"","            }","          ]","        },","        \"valueQuantity\": {","          \"value\": 36.7,","          \"unit\": \"Cel\",","          \"code\": \"Cel\",","          \"system\": \"http://unitsofmeasure.org\"","        },","        \"subject\": {","          \"display\": \"Jason Argonaut\",","          \"reference\": \"https://open-ic.epic.com/FHIR/api/FHIR/DSTU2/Patient/Tbt3KuCY0B5PSrJvCu2j-PlK.aiHsu2xUjUM8bWpetXoB\"","        },","        \"performer\": [","          {","            \"display\": \"MOORE, SEAN\",","            \"reference\": \"https://open-ic.epic.com/FHIR/api/FHIR/DSTU2/Practitioner/TItWfhjChtlo0pFh9nzctSQB\"","          }","        ],","        \"category\": {","          \"text\": \"Vital Signs\",","          \"coding\": [","            {","              \"system\": \"http://hl7.org/fhir/observation-category\",","              \"code\": \"vital-signs\",","              \"display\": \"Vital Signs\"","            }","          ]","        }","      }","    }","  ]","}"],"id":1}],[{"start":{"row":0,"column":1},"end":{"row":1,"column":0},"action":"insert","lines":["",""],"id":2},{"start":{"row":1,"column":0},"end":{"row":1,"column":4},"action":"insert","lines":["    "]}],[{"start":{"row":1,"column":4},"end":{"row":1,"column":5},"action":"insert","lines":["#"],"id":3}],[{"start":{"row":1,"column":5},"end":{"row":1,"column":6},"action":"insert","lines":["d"],"id":4}],[{"start":{"row":1,"column":6},"end":{"row":1,"column":7},"action":"insert","lines":["i"],"id":5}],[{"start":{"row":1,"column":7},"end":{"row":1,"column":8},"action":"insert","lines":["c"],"id":6}],[{"start":{"row":1,"column":7},"end":{"row":1,"column":8},"action":"remove","lines":["c"],"id":7}],[{"start":{"row":1,"column":6},"end":{"row":1,"column":7},"action":"remove","lines":["i"],"id":8}],[{"start":{"row":1,"column":5},"end":{"row":1,"column":6},"action":"remove","lines":["d"],"id":9}],[{"start":{"row":1,"column":4},"end":{"row":1,"column":5},"action":"remove","lines":["#"],"id":10}],[{"start":{"row":1,"column":0},"end":{"row":1,"column":4},"action":"remove","lines":["    "],"id":11}],[{"start":{"row":0,"column":1},"end":{"row":1,"column":0},"action":"remove","lines":["",""],"id":12}],[{"start":{"row":70,"column":0},"end":{"row":187,"column":5},"action":"remove","lines":["    {","      \"fullUrl\": \"https://open-ic.epic.com/FHIR/api/FHIR/DSTU2/Observation/Tnf7t0.SP6znu2Dc1kPsroonALFGbtOt6b2yu6wZ4ivT3-rV2HHjSYO76FPbBHWwbB\",","      \"link\": [","        {","          \"relation\": \"self\",","          \"url\": \"https://open-ic.epic.com/FHIR/api/FHIR/DSTU2/Observation/Tnf7t0.SP6znu2Dc1kPsroonALFGbtOt6b2yu6wZ4ivT3-rV2HHjSYO76FPbBHWwbB\"","        }","      ],","      \"search\": {","        \"mode\": \"match\"","      },","      \"resource\": {","        \"resourceType\": \"Observation\",","        \"effectiveDateTime\": \"2015-08-26T22:00:00Z\",","        \"status\": \"final\",","        \"id\": \"Tnf7t0.SP6znu2Dc1kPsroonALFGbtOt6b2yu6wZ4ivT3-rV2HHjSYO76FPbBHWwbB\",","        \"code\": {","          \"text\": \"Temp\",","          \"coding\": [","            {","              \"system\": \"http://loinc.org\",","              \"code\": \"8310-5\",","              \"display\": \"Body temperature\"","            },","            {","              \"system\": \"http://loinc.org\",","              \"code\": \"8716-3\",","              \"display\": \"Vital Signs grouping\"","            }","          ]","        },","        \"valueQuantity\": {","          \"value\": 36.7,","          \"unit\": \"Cel\",","          \"code\": \"Cel\",","          \"system\": \"http://unitsofmeasure.org\"","        },","        \"subject\": {","          \"display\": \"Jason Argonaut\",","          \"reference\": \"https://open-ic.epic.com/FHIR/api/FHIR/DSTU2/Patient/Tbt3KuCY0B5PSrJvCu2j-PlK.aiHsu2xUjUM8bWpetXoB\"","        },","        \"performer\": [","          {","            \"display\": \"MOORE, SEAN\",","            \"reference\": \"https://open-ic.epic.com/FHIR/api/FHIR/DSTU2/Practitioner/TItWfhjChtlo0pFh9nzctSQB\"","          }","        ],","        \"category\": {","          \"text\": \"Vital Signs\",","          \"coding\": [","            {","              \"system\": \"http://hl7.org/fhir/observation-category\",","              \"code\": \"vital-signs\",","              \"display\": \"Vital Signs\"","            }","          ]","        }","      }","    },","    {","      \"fullUrl\": \"https://open-ic.epic.com/FHIR/api/FHIR/DSTU2/Observation/Tnf7t0.SP6znu2Dc1kPsrog5qrfqH33vJQOxAByVedwC93TwE2NmYRNSmcPUkg7JsB\",","      \"link\": [","        {","          \"relation\": \"self\",","          \"url\": \"https://open-ic.epic.com/FHIR/api/FHIR/DSTU2/Observation/Tnf7t0.SP6znu2Dc1kPsrog5qrfqH33vJQOxAByVedwC93TwE2NmYRNSmcPUkg7JsB\"","        }","      ],","      \"search\": {","        \"mode\": \"match\"","      },","      \"resource\": {","        \"resourceType\": \"Observation\",","        \"effectiveDateTime\": \"2015-08-25T22:46:00Z\",","        \"status\": \"final\",","        \"id\": \"Tnf7t0.SP6znu2Dc1kPsrog5qrfqH33vJQOxAByVedwC93TwE2NmYRNSmcPUkg7JsB\",","        \"code\": {","          \"text\": \"Temp\",","          \"coding\": [","            {","              \"system\": \"http://loinc.org\",","              \"code\": \"8310-5\",","              \"display\": \"Body temperature\"","            },","            {","              \"system\": \"http://loinc.org\",","              \"code\": \"8716-3\",","              \"display\": \"Vital Signs grouping\"","            }","          ]","        },","        \"valueQuantity\": {","          \"value\": 36.7,","          \"unit\": \"Cel\",","          \"code\": \"Cel\",","          \"system\": \"http://unitsofmeasure.org\"","        },","        \"subject\": {","          \"display\": \"Jason Argonaut\",","          \"reference\": \"https://open-ic.epic.com/FHIR/api/FHIR/DSTU2/Patient/Tbt3KuCY0B5PSrJvCu2j-PlK.aiHsu2xUjUM8bWpetXoB\"","        },","        \"performer\": [","          {","            \"display\": \"MOORE, SEAN\",","            \"reference\": \"https://open-ic.epic.com/FHIR/api/FHIR/DSTU2/Practitioner/TItWfhjChtlo0pFh9nzctSQB\"","          }","        ],","        \"category\": {","          \"text\": \"Vital Signs\",","          \"coding\": [","            {","              \"system\": \"http://hl7.org/fhir/observation-category\",","              \"code\": \"vital-signs\",","              \"display\": \"Vital Signs\"","            }","          ]","        }","      }","    }"],"id":13}],[{"start":{"row":69,"column":6},"end":{"row":70,"column":0},"action":"remove","lines":["",""],"id":14}],[{"start":{"row":71,"column":1},"end":{"row":72,"column":0},"action":"insert","lines":["",""],"id":15}],[{"start":{"row":72,"column":0},"end":{"row":235,"column":1},"action":"insert","lines":["{","  \"resourceType\": \"Patient\",","  \"birthDate\": \"1985-08-01\",","  \"active\": true,","  \"gender\": \"male\",","  \"deceasedBoolean\": false,","  \"id\": \"Tbt3KuCY0B5PSrJvCu2j-PlK.aiHsu2xUjUM8bWpetXoB\",","  \"careProvider\": [","    {","      \"display\": \"Physician Family Medicine\",","      \"reference\": \"https://open-ic.epic.com/FHIR/api/FHIR/DSTU2/Practitioner/T3Mz3KLBDVXXgaRoee3EKAAB\"","    }","  ],","  \"name\": [","    {","      \"use\": \"usual\",","      \"family\": [","        \"Argonaut\"","      ],","      \"given\": [","        \"Jason\"","      ]","    }","  ],","  \"identifier\": [","    {","      \"use\": \"usual\",","      \"system\": \"urn:oid:1.2.840.114350.1.13.327.1.7.5.737384.0\",","      \"value\": \"E3826\"","    },","    {","      \"use\": \"usual\",","      \"system\": \"urn:oid:1.2.3.4\",","      \"value\": \"203579\"","    }","  ],","  \"address\": [","    {","      \"use\": \"home\",","      \"line\": [","        \"1979 Milky Way Dr.\"","      ],","      \"city\": \"Verona\",","      \"state\": \"WI\",","      \"postalCode\": \"53593\",","      \"country\": \"US\"","    },","    {","      \"use\": \"temp\",","      \"line\": [","        \"5301 Tokay Blvd\"","      ],","      \"city\": \"MADISON\",","      \"state\": \"WI\",","      \"postalCode\": \"53711\",","      \"country\": \"US\",","      \"period\": {","        \"start\": \"2011-08-04T00:00:00Z\",","        \"end\": \"2014-08-04T00:00:00Z\"","      }","    }","  ],","  \"telecom\": [","    {","      \"system\": \"phone\",","      \"value\": \"608-271-9000\",","      \"use\": \"home\"","    },","    {","      \"system\": \"phone\",","      \"value\": \"608-771-9000\",","      \"use\": \"work\"","    },","    {","      \"system\": \"phone\",","      \"value\": \"608-771-9000\",","      \"use\": \"mobile\"","    },","    {","      \"system\": \"fax\",","      \"value\": \"608-771-9000\",","      \"use\": \"home\"","    },","    {","      \"system\": \"phone\",","      \"value\": \"608-771-9000\",","      \"use\": \"temp\",","      \"period\": {","        \"start\": \"2011-08-04T00:00:00Z\",","        \"end\": \"2014-08-04T00:00:00Z\"","      }","    },","    {","      \"system\": \"email\",","      \"value\": \"open@epic.com\"","    }","  ],","  \"maritalStatus\": {","    \"text\": \"Single\",","    \"coding\": [","      {","        \"system\": \"http://hl7.org/fhir/ValueSet/marital-status\",","        \"code\": \"S\",","        \"display\": \"Never Married\"","      }","    ]","  },","  \"communication\": [","    {","      \"preferred\": true,","      \"language\": {","        \"text\": \"English\",","        \"coding\": [","          {","            \"system\": \"urn:oid:2.16.840.1.113883.6.99\",","            \"code\": \"en\",","            \"display\": \"English\"","          }","        ]","      }","    }","  ],","  \"extension\": [","    {","      \"url\": \"http://hl7.org/fhir/StructureDefinition/us-core-race\",","      \"valueCodeableConcept\": {","        \"text\": \"Asian\",","        \"coding\": [","          {","            \"system\": \"2.16.840.1.113883.5.104\",","            \"code\": \"2028-9\",","            \"display\": \"Asian\"","          }","        ]","      }","    },","    {","      \"url\": \"http://hl7.org/fhir/StructureDefinition/us-core-ethnicity\",","      \"valueCodeableConcept\": {","        \"text\": \"Not Hispanic or Latino\",","        \"coding\": [","          {","            \"system\": \"2.16.840.1.113883.5.50\",","            \"code\": \"2186-5\",","            \"display\": \"Not Hispanic or Latino\"","          }","        ]","      }","    },","    {","      \"url\": \"http://hl7.org/fhir/StructureDefinition/us-core-birth-sex\",","      \"valueCodeableConcept\": {","        \"text\": \"Male\",","        \"coding\": [","          {","            \"system\": \"http://hl7.org/fhir/v3/AdministrativeGender\",","            \"code\": \"M\",","            \"display\": \"Male\"","          }","        ]","      }","    }","  ]","}"],"id":16}],[{"start":{"row":70,"column":2},"end":{"row":70,"column":3},"action":"remove","lines":["]"],"id":17}],[{"start":{"row":70,"column":0},"end":{"row":70,"column":2},"action":"remove","lines":["  "],"id":18}],[{"start":{"row":69,"column":6},"end":{"row":70,"column":0},"action":"remove","lines":["",""],"id":19}],[{"start":{"row":69,"column":5},"end":{"row":69,"column":6},"action":"remove","lines":[","],"id":20}],[{"start":{"row":70,"column":0},"end":{"row":72,"column":0},"action":"insert","lines":["","  ",""],"id":21}],[{"start":{"row":71,"column":2},"end":{"row":71,"column":3},"action":"insert","lines":["]"],"id":22}],[{"start":{"row":69,"column":5},"end":{"row":70,"column":0},"action":"remove","lines":["",""],"id":23}],[{"start":{"row":71,"column":1},"end":{"row":72,"column":0},"action":"insert","lines":["",""],"id":24}],[{"start":{"row":71,"column":1},"end":{"row":72,"column":0},"action":"remove","lines":["",""],"id":25}],[{"start":{"row":71,"column":1},"end":{"row":71,"column":2},"action":"insert","lines":[","],"id":26}],[{"start":{"row":71,"column":1},"end":{"row":71,"column":2},"action":"remove","lines":[","],"id":27}],[{"start":{"row":74,"column":20},"end":{"row":74,"column":23},"action":"remove","lines":["-08"],"id":28},{"start":{"row":74,"column":20},"end":{"row":74,"column":22},"action":"insert","lines":["-9"]}],[{"start":{"row":71,"column":1},"end":{"row":235,"column":1},"action":"remove","lines":["","{","  \"resourceType\": \"Patient\",","  \"birthDate\": \"1985-9-01\",","  \"active\": true,","  \"gender\": \"male\",","  \"deceasedBoolean\": false,","  \"id\": \"Tbt3KuCY0B5PSrJvCu2j-PlK.aiHsu2xUjUM8bWpetXoB\",","  \"careProvider\": [","    {","      \"display\": \"Physician Family Medicine\",","      \"reference\": \"https://open-ic.epic.com/FHIR/api/FHIR/DSTU2/Practitioner/T3Mz3KLBDVXXgaRoee3EKAAB\"","    }","  ],","  \"name\": [","    {","      \"use\": \"usual\",","      \"family\": [","        \"Argonaut\"","      ],","      \"given\": [","        \"Jason\"","      ]","    }","  ],","  \"identifier\": [","    {","      \"use\": \"usual\",","      \"system\": \"urn:oid:1.2.840.114350.1.13.327.1.7.5.737384.0\",","      \"value\": \"E3826\"","    },","    {","      \"use\": \"usual\",","      \"system\": \"urn:oid:1.2.3.4\",","      \"value\": \"203579\"","    }","  ],","  \"address\": [","    {","      \"use\": \"home\",","      \"line\": [","        \"1979 Milky Way Dr.\"","      ],","      \"city\": \"Verona\",","      \"state\": \"WI\",","      \"postalCode\": \"53593\",","      \"country\": \"US\"","    },","    {","      \"use\": \"temp\",","      \"line\": [","        \"5301 Tokay Blvd\"","      ],","      \"city\": \"MADISON\",","      \"state\": \"WI\",","      \"postalCode\": \"53711\",","      \"country\": \"US\",","      \"period\": {","        \"start\": \"2011-08-04T00:00:00Z\",","        \"end\": \"2014-08-04T00:00:00Z\"","      }","    }","  ],","  \"telecom\": [","    {","      \"system\": \"phone\",","      \"value\": \"608-271-9000\",","      \"use\": \"home\"","    },","    {","      \"system\": \"phone\",","      \"value\": \"608-771-9000\",","      \"use\": \"work\"","    },","    {","      \"system\": \"phone\",","      \"value\": \"608-771-9000\",","      \"use\": \"mobile\"","    },","    {","      \"system\": \"fax\",","      \"value\": \"608-771-9000\",","      \"use\": \"home\"","    },","    {","      \"system\": \"phone\",","      \"value\": \"608-771-9000\",","      \"use\": \"temp\",","      \"period\": {","        \"start\": \"2011-08-04T00:00:00Z\",","        \"end\": \"2014-08-04T00:00:00Z\"","      }","    },","    {","      \"system\": \"email\",","      \"value\": \"open@epic.com\"","    }","  ],","  \"maritalStatus\": {","    \"text\": \"Single\",","    \"coding\": [","      {","        \"system\": \"http://hl7.org/fhir/ValueSet/marital-status\",","        \"code\": \"S\",","        \"display\": \"Never Married\"","      }","    ]","  },","  \"communication\": [","    {","      \"preferred\": true,","      \"language\": {","        \"text\": \"English\",","        \"coding\": [","          {","            \"system\": \"urn:oid:2.16.840.1.113883.6.99\",","            \"code\": \"en\",","            \"display\": \"English\"","          }","        ]","      }","    }","  ],","  \"extension\": [","    {","      \"url\": \"http://hl7.org/fhir/StructureDefinition/us-core-race\",","      \"valueCodeableConcept\": {","        \"text\": \"Asian\",","        \"coding\": [","          {","            \"system\": \"2.16.840.1.113883.5.104\",","            \"code\": \"2028-9\",","            \"display\": \"Asian\"","          }","        ]","      }","    },","    {","      \"url\": \"http://hl7.org/fhir/StructureDefinition/us-core-ethnicity\",","      \"valueCodeableConcept\": {","        \"text\": \"Not Hispanic or Latino\",","        \"coding\": [","          {","            \"system\": \"2.16.840.1.113883.5.50\",","            \"code\": \"2186-5\",","            \"display\": \"Not Hispanic or Latino\"","          }","        ]","      }","    },","    {","      \"url\": \"http://hl7.org/fhir/StructureDefinition/us-core-birth-sex\",","      \"valueCodeableConcept\": {","        \"text\": \"Male\",","        \"coding\": [","          {","            \"system\": \"http://hl7.org/fhir/v3/AdministrativeGender\",","            \"code\": \"M\",","            \"display\": \"Male\"","          }","        ]","      }","    }","  ]","}"],"id":29}],[{"start":{"row":42,"column":8},"end":{"row":42,"column":23},"action":"remove","lines":["\"valueQuantity\""],"id":30}],[{"start":{"row":42,"column":8},"end":{"row":42,"column":23},"action":"insert","lines":["\"valueQuantity\""],"id":31}]]},"ace":{"folds":[],"scrolltop":0,"scrollleft":0,"selection":{"start":{"row":44,"column":24},"end":{"row":44,"column":24},"isBackwards":false},"options":{"guessTabSize":true,"useWrapMode":false,"wrapToView":true},"firstLineState":0},"timestamp":1510675520289,"hash":"49a0d55a8de69c55a1a235c9cff2a5dd1119f381"}